id,url,category,timestamp,status,source
1,http://mp3raid.com/music/krizz_kaliko.html,b,2025-01-15 10:02:00,unsafe,manual
2,bopsecrets.org/rexroth/cr/1.htm,b,2025-01-15 10:03:00,unsafe,manual
3,http://espn.go.com/nba/player/_/id/3457/brandon-rush,b,2025-01-15 10:04:00,unsafe,manual
4,http://yourbittorrent.com/?q=anthony-hamilton-soulife,b,2025-01-15 10:05:00,unsafe,manual
5,http://www.pashminaonline.com/pure-pashminas,b,2025-01-15 10:06:00,unsafe,manual
6,http://allmusic.com/album/crazy-from-the-heat-r16990,b,2025-01-15 10:07:00,unsafe,manual
7,http://www.ikenmijnkunst.nl/index.php/exposities/exposities-2006,b,2025-01-15 10:08:00,unsafe,manual
8,http://www.szabadmunkaero.hu/cimoldal.html?start=12,b,2025-01-15 10:09:00,unsafe,manual
9,http://adventure-nicaragua.net/index.php?option=com_mailto&tmpl=component&link=aHR0cDovL2FkdmVudHVyZS1uaWNhcmFndWEubmV0L2luZGV4LnBocD9vcHRpb249Y29tX2NvbnRlbnQmdmlldz1hcnRpY2xlJmlkPTQ3OmFib3V0JmNhdGlkPTM2OmRlbW8tYXJ0aWNsZXMmSXRlbWlkPTU0,b,2025-01-15 10:18:00,unsafe,manual
10,http://www.lebensmittel-ueberwachung.de/index.php/aktuelles.1,b,2025-01-15 10:19:00,unsafe,manual
11,br-icloud.com.br,b,2025-07-27 16:55:01,unsafe,manual
